{
    "loss": 0.6448209285736084,
    "accuracy": 0.6465517282485962
}